ellipseCenterX(px),ellipseCenterY(px),ellipseSemimajor(px),ellipseSemiminor(px),ellipseRotation(deg),inputImage,crater_classification
1529.97,572.30,198.25,160.32,155.86,altitude01/longitude02/orientation01_light01,4
1094.34,763.94,127.34,103.46,260.11,altitude01/longitude02/orientation01_light01,4
541.58,175.55,114.78,100.94,104.93,altitude01/longitude02/orientation01_light01,4
762.31,117.45,115.48,97.08,263.71,altitude01/longitude02/orientation01_light01,4
1170.69,563.07,107.70,102.08,138.75,altitude01/longitude02/orientation01_light01,4
2018.07,1416.35,107.77,98.29,115.58,altitude01/longitude02/orientation01_light01,4
1385.21,530.79,99.72,87.88,104.14,altitude01/longitude02/orientation01_light01,4
875.84,1380.90,92.78,83.84,263.04,altitude01/longitude02/orientation01_light01,4
179.51,1847.08,85.43,77.90,244.19,altitude01/longitude02/orientation01_light01,4
1638.05,928.90,87.34,77.68,111.98,altitude01/longitude02/orientation01_light01,4
192.80,1021.52,89.02,67.94,95.38,altitude01/longitude02/orientation01_light01,4
553.41,1346.25,76.96,71.12,241.71,altitude01/longitude02/orientation01_light01,4
1504.27,77.96,79.77,72.44,154.19,altitude01/longitude02/orientation01_light01,4
1206.17,1601.40,76.31,71.90,196.27,altitude01/longitude02/orientation01_light01,3
200.32,710.05,75.84,59.47,138.51,altitude01/longitude02/orientation01_light01,4
1572.80,305.89,75.75,70.30,148.08,altitude01/longitude02/orientation01_light01,4
817.27,317.11,70.58,69.22,265.16,altitude01/longitude02/orientation01_light01,4
142.80,296.97,63.33,61.63,96.93,altitude01/longitude02/orientation01_light01,4
940.03,865.99,67.71,58.82,257.75,altitude01/longitude02/orientation01_light01,4
1819.68,938.04,61.25,53.89,95.81,altitude01/longitude02/orientation01_light01,2
1538.06,1059.09,59.35,49.47,150.61,altitude01/longitude02/orientation01_light01,4
60.52,333.15,52.30,46.71,127.73,altitude01/longitude02/orientation01_light01,4
1611.43,1806.82,51.53,50.69,169.75,altitude01/longitude02/orientation01_light01,4
2477.00,923.00,50.95,49.64,140.10,altitude01/longitude02/orientation01_light01,2
1678.42,661.00,48.07,44.71,151.78,altitude01/longitude02/orientation01_light01,4
307.56,1888.70,45.64,40.15,251.01,altitude01/longitude02/orientation01_light01,4
1529.97,572.30,198.25,160.32,155.86,altitude01/longitude02/orientation01_light02,4
1094.34,763.94,127.34,103.46,260.11,altitude01/longitude02/orientation01_light02,4
541.58,175.55,114.78,100.94,104.93,altitude01/longitude02/orientation01_light02,4
762.31,117.45,115.48,97.08,263.71,altitude01/longitude02/orientation01_light02,4
1170.69,563.07,107.70,102.08,138.75,altitude01/longitude02/orientation01_light02,4
2018.07,1416.35,107.77,98.29,115.58,altitude01/longitude02/orientation01_light02,4
1385.21,530.79,99.72,87.88,104.14,altitude01/longitude02/orientation01_light02,4
875.84,1380.90,92.78,83.84,263.04,altitude01/longitude02/orientation01_light02,4
179.51,1847.08,85.43,77.90,244.19,altitude01/longitude02/orientation01_light02,4
1638.05,928.90,87.34,77.68,111.98,altitude01/longitude02/orientation01_light02,4
192.80,1021.52,89.02,67.94,95.38,altitude01/longitude02/orientation01_light02,4
553.41,1346.25,76.96,71.12,241.71,altitude01/longitude02/orientation01_light02,4
1504.27,77.96,79.77,72.44,154.19,altitude01/longitude02/orientation01_light02,4
1206.17,1601.40,76.31,71.90,196.27,altitude01/longitude02/orientation01_light02,3
200.32,710.05,75.84,59.47,138.51,altitude01/longitude02/orientation01_light02,4
1572.80,305.89,75.75,70.30,148.08,altitude01/longitude02/orientation01_light02,4
817.27,317.11,70.58,69.22,265.16,altitude01/longitude02/orientation01_light02,4
142.80,296.97,63.33,61.63,96.93,altitude01/longitude02/orientation01_light02,4
940.03,865.99,67.71,58.82,257.75,altitude01/longitude02/orientation01_light02,4
1819.68,938.04,61.25,53.89,95.81,altitude01/longitude02/orientation01_light02,2
1538.06,1059.09,59.35,49.47,150.61,altitude01/longitude02/orientation01_light02,4
60.52,333.15,52.30,46.71,127.73,altitude01/longitude02/orientation01_light02,4
1611.43,1806.82,51.53,50.69,169.75,altitude01/longitude02/orientation01_light02,4
2477.00,923.00,50.95,49.64,140.10,altitude01/longitude02/orientation01_light02,2
1678.42,661.00,48.07,44.71,151.78,altitude01/longitude02/orientation01_light02,4
307.56,1888.70,45.64,40.15,251.01,altitude01/longitude02/orientation01_light02,4
1529.97,572.30,198.25,160.32,155.86,altitude01/longitude02/orientation01_light03,4
1094.34,763.94,127.34,103.46,260.11,altitude01/longitude02/orientation01_light03,4
541.58,175.55,114.78,100.94,104.93,altitude01/longitude02/orientation01_light03,4
762.31,117.45,115.48,97.08,263.71,altitude01/longitude02/orientation01_light03,4
1170.69,563.07,107.70,102.08,138.75,altitude01/longitude02/orientation01_light03,4
2018.07,1416.35,107.77,98.29,115.58,altitude01/longitude02/orientation01_light03,4
1385.21,530.79,99.72,87.88,104.14,altitude01/longitude02/orientation01_light03,4
875.84,1380.90,92.78,83.84,263.04,altitude01/longitude02/orientation01_light03,4
179.51,1847.08,85.43,77.90,244.19,altitude01/longitude02/orientation01_light03,4
1638.05,928.90,87.34,77.68,111.98,altitude01/longitude02/orientation01_light03,4
192.80,1021.52,89.02,67.94,95.38,altitude01/longitude02/orientation01_light03,4
553.41,1346.25,76.96,71.12,241.71,altitude01/longitude02/orientation01_light03,4
1504.27,77.96,79.77,72.44,154.19,altitude01/longitude02/orientation01_light03,4
1206.17,1601.40,76.31,71.90,196.27,altitude01/longitude02/orientation01_light03,3
200.32,710.05,75.84,59.47,138.51,altitude01/longitude02/orientation01_light03,4
1572.80,305.89,75.75,70.30,148.08,altitude01/longitude02/orientation01_light03,4
817.27,317.11,70.58,69.22,265.16,altitude01/longitude02/orientation01_light03,4
142.80,296.97,63.33,61.63,96.93,altitude01/longitude02/orientation01_light03,4
940.03,865.99,67.71,58.82,257.75,altitude01/longitude02/orientation01_light03,4
1819.68,938.04,61.25,53.89,95.81,altitude01/longitude02/orientation01_light03,2
1538.06,1059.09,59.35,49.47,150.61,altitude01/longitude02/orientation01_light03,4
60.52,333.15,52.30,46.71,127.73,altitude01/longitude02/orientation01_light03,4
1611.43,1806.82,51.53,50.69,169.75,altitude01/longitude02/orientation01_light03,4
2477.00,923.00,50.95,49.64,140.10,altitude01/longitude02/orientation01_light03,2
1678.42,661.00,48.07,44.71,151.78,altitude01/longitude02/orientation01_light03,4
307.56,1888.70,45.64,40.15,251.01,altitude01/longitude02/orientation01_light03,4
1529.97,572.30,198.25,160.32,155.86,altitude01/longitude02/orientation01_light04,4
1094.34,763.94,127.34,103.46,260.11,altitude01/longitude02/orientation01_light04,4
541.58,175.55,114.78,100.94,104.93,altitude01/longitude02/orientation01_light04,4
762.31,117.45,115.48,97.08,263.71,altitude01/longitude02/orientation01_light04,4
1170.69,563.07,107.70,102.08,138.75,altitude01/longitude02/orientation01_light04,4
2018.07,1416.35,107.77,98.29,115.58,altitude01/longitude02/orientation01_light04,4
1385.21,530.79,99.72,87.88,104.14,altitude01/longitude02/orientation01_light04,4
875.84,1380.90,92.78,83.84,263.04,altitude01/longitude02/orientation01_light04,4
179.51,1847.08,85.43,77.90,244.19,altitude01/longitude02/orientation01_light04,4
1638.05,928.90,87.34,77.68,111.98,altitude01/longitude02/orientation01_light04,4
192.80,1021.52,89.02,67.94,95.38,altitude01/longitude02/orientation01_light04,4
553.41,1346.25,76.96,71.12,241.71,altitude01/longitude02/orientation01_light04,4
1504.27,77.96,79.77,72.44,154.19,altitude01/longitude02/orientation01_light04,4
1206.17,1601.40,76.31,71.90,196.27,altitude01/longitude02/orientation01_light04,3
200.32,710.05,75.84,59.47,138.51,altitude01/longitude02/orientation01_light04,4
1572.80,305.89,75.75,70.30,148.08,altitude01/longitude02/orientation01_light04,4
817.27,317.11,70.58,69.22,265.16,altitude01/longitude02/orientation01_light04,4
142.80,296.97,63.33,61.63,96.93,altitude01/longitude02/orientation01_light04,4
940.03,865.99,67.71,58.82,257.75,altitude01/longitude02/orientation01_light04,4
1819.68,938.04,61.25,53.89,95.81,altitude01/longitude02/orientation01_light04,2
1538.06,1059.09,59.35,49.47,150.61,altitude01/longitude02/orientation01_light04,4
60.52,333.15,52.30,46.71,127.73,altitude01/longitude02/orientation01_light04,4
1611.43,1806.82,51.53,50.69,169.75,altitude01/longitude02/orientation01_light04,4
2477.00,923.00,50.95,49.64,140.10,altitude01/longitude02/orientation01_light04,2
1678.42,661.00,48.07,44.71,151.78,altitude01/longitude02/orientation01_light04,4
307.56,1888.70,45.64,40.15,251.01,altitude01/longitude02/orientation01_light04,4
1529.97,572.30,198.25,160.32,155.86,altitude01/longitude02/orientation01_light05,4
1094.34,763.94,127.34,103.46,260.11,altitude01/longitude02/orientation01_light05,4
541.58,175.55,114.78,100.94,104.93,altitude01/longitude02/orientation01_light05,4
762.31,117.45,115.48,97.08,263.71,altitude01/longitude02/orientation01_light05,4
1170.69,563.07,107.70,102.08,138.75,altitude01/longitude02/orientation01_light05,4
2018.07,1416.35,107.77,98.29,115.58,altitude01/longitude02/orientation01_light05,4
1385.21,530.79,99.72,87.88,104.14,altitude01/longitude02/orientation01_light05,4
875.84,1380.90,92.78,83.84,263.04,altitude01/longitude02/orientation01_light05,4
179.51,1847.08,85.43,77.90,244.19,altitude01/longitude02/orientation01_light05,4
1638.05,928.90,87.34,77.68,111.98,altitude01/longitude02/orientation01_light05,4
192.80,1021.52,89.02,67.94,95.38,altitude01/longitude02/orientation01_light05,4
553.41,1346.25,76.96,71.12,241.71,altitude01/longitude02/orientation01_light05,4
1504.27,77.96,79.77,72.44,154.19,altitude01/longitude02/orientation01_light05,4
1206.17,1601.40,76.31,71.90,196.27,altitude01/longitude02/orientation01_light05,3
200.32,710.05,75.84,59.47,138.51,altitude01/longitude02/orientation01_light05,4
1572.80,305.89,75.75,70.30,148.08,altitude01/longitude02/orientation01_light05,4
817.27,317.11,70.58,69.22,265.16,altitude01/longitude02/orientation01_light05,4
142.80,296.97,63.33,61.63,96.93,altitude01/longitude02/orientation01_light05,4
940.03,865.99,67.71,58.82,257.75,altitude01/longitude02/orientation01_light05,4
1819.68,938.04,61.25,53.89,95.81,altitude01/longitude02/orientation01_light05,2
1538.06,1059.09,59.35,49.47,150.61,altitude01/longitude02/orientation01_light05,4
60.52,333.15,52.30,46.71,127.73,altitude01/longitude02/orientation01_light05,4
1611.43,1806.82,51.53,50.69,169.75,altitude01/longitude02/orientation01_light05,4
2477.00,923.00,50.95,49.64,140.10,altitude01/longitude02/orientation01_light05,2
1678.42,661.00,48.07,44.71,151.78,altitude01/longitude02/orientation01_light05,4
307.56,1888.70,45.64,40.15,251.01,altitude01/longitude02/orientation01_light05,4
1266.46,1647.12,209.52,189.07,252.69,altitude01/longitude02/orientation02_light01,4
1905.02,1068.36,107.44,97.86,230.56,altitude01/longitude02/orientation02_light01,4
852.51,1156.00,84.25,69.46,262.36,altitude01/longitude02/orientation02_light01,4
2060.12,244.01,77.99,72.09,126.97,altitude01/longitude02/orientation02_light01,3
2425.44,1079.57,62.02,54.89,204.78,altitude01/longitude02/orientation02_light01,2
2428.52,769.13,60.73,50.08,264.37,altitude01/longitude02/orientation02_light01,4
1710.47,539.96,51.79,50.35,111.75,altitude01/longitude02/orientation02_light01,4
1266.46,1647.12,209.52,189.07,252.69,altitude01/longitude02/orientation02_light02,4
537.31,1884.77,150.10,132.51,247.71,altitude01/longitude02/orientation02_light02,4
1905.02,1068.36,107.44,97.86,230.56,altitude01/longitude02/orientation02_light02,4
852.51,1156.00,84.25,69.46,262.36,altitude01/longitude02/orientation02_light02,4
1319.67,1915.99,81.63,72.59,254.28,altitude01/longitude02/orientation02_light02,4
2060.12,244.01,77.99,72.09,126.97,altitude01/longitude02/orientation02_light02,3
2425.44,1079.57,62.02,54.89,204.78,altitude01/longitude02/orientation02_light02,2
2428.52,769.13,60.73,50.08,264.37,altitude01/longitude02/orientation02_light02,4
1710.47,539.96,51.79,50.35,111.75,altitude01/longitude02/orientation02_light02,4
2172.18,1686.57,50.96,49.17,238.01,altitude01/longitude02/orientation02_light02,2
1266.46,1647.12,209.52,189.07,252.69,altitude01/longitude02/orientation02_light03,4
537.31,1884.77,150.10,132.51,247.71,altitude01/longitude02/orientation02_light03,4
1905.02,1068.36,107.44,97.86,230.56,altitude01/longitude02/orientation02_light03,4
852.51,1156.00,84.25,69.46,262.36,altitude01/longitude02/orientation02_light03,4
1319.67,1915.99,81.63,72.59,254.28,altitude01/longitude02/orientation02_light03,4
2060.12,244.01,77.99,72.09,126.97,altitude01/longitude02/orientation02_light03,3
2425.44,1079.57,62.02,54.89,204.78,altitude01/longitude02/orientation02_light03,2
2428.52,769.13,60.73,50.08,264.37,altitude01/longitude02/orientation02_light03,4
1710.47,539.96,51.79,50.35,111.75,altitude01/longitude02/orientation02_light03,4
2172.18,1686.57,50.96,49.17,238.01,altitude01/longitude02/orientation02_light03,2
1266.46,1647.12,209.52,189.07,252.69,altitude01/longitude02/orientation02_light04,4
537.31,1884.77,150.10,132.51,247.71,altitude01/longitude02/orientation02_light04,4
1905.02,1068.36,107.44,97.86,230.56,altitude01/longitude02/orientation02_light04,4
852.51,1156.00,84.25,69.46,262.36,altitude01/longitude02/orientation02_light04,4
1319.67,1915.99,81.63,72.59,254.28,altitude01/longitude02/orientation02_light04,4
2060.12,244.01,77.99,72.09,126.97,altitude01/longitude02/orientation02_light04,3
2425.44,1079.57,62.02,54.89,204.78,altitude01/longitude02/orientation02_light04,2
2428.52,769.13,60.73,50.08,264.37,altitude01/longitude02/orientation02_light04,4
1710.47,539.96,51.79,50.35,111.75,altitude01/longitude02/orientation02_light04,4
2172.18,1686.57,50.96,49.17,238.01,altitude01/longitude02/orientation02_light04,2
1266.46,1647.12,209.52,189.07,252.69,altitude01/longitude02/orientation02_light05,4
537.31,1884.77,150.10,132.51,247.71,altitude01/longitude02/orientation02_light05,4
1905.02,1068.36,107.44,97.86,230.56,altitude01/longitude02/orientation02_light05,4
852.51,1156.00,84.25,69.46,262.36,altitude01/longitude02/orientation02_light05,4
1319.67,1915.99,81.63,72.59,254.28,altitude01/longitude02/orientation02_light05,4
2060.12,244.01,77.99,72.09,126.97,altitude01/longitude02/orientation02_light05,3
2425.44,1079.57,62.02,54.89,204.78,altitude01/longitude02/orientation02_light05,2
2428.52,769.13,60.73,50.08,264.37,altitude01/longitude02/orientation02_light05,4
1710.47,539.96,51.79,50.35,111.75,altitude01/longitude02/orientation02_light05,4
2172.18,1686.57,50.96,49.17,238.01,altitude01/longitude02/orientation02_light05,2
1239.35,1712.13,279.95,227.34,158.28,altitude01/longitude02/orientation03_light01,4
2166.74,1478.76,214.50,167.56,132.15,altitude01/longitude02/orientation03_light01,4
1875.50,740.71,225.24,201.80,106.66,altitude01/longitude02/orientation03_light01,4
2269.92,1852.38,189.56,138.75,130.95,altitude01/longitude02/orientation03_light01,4
814.69,1473.68,206.16,199.55,175.35,altitude01/longitude02/orientation03_light01,4
278.34,1432.59,207.51,173.27,94.00,altitude01/longitude02/orientation03_light01,4
1479.18,1005.65,126.92,116.78,130.74,altitude01/longitude02/orientation03_light01,4
1460.24,1812.52,115.12,92.36,134.74,altitude01/longitude02/orientation03_light01,4
2319.63,1138.65,96.87,85.44,150.17,altitude01/longitude02/orientation03_light01,4
602.73,406.83,127.92,104.97,121.22,altitude01/longitude02/orientation03_light01,4
1825.06,1795.18,107.56,78.42,143.82,altitude01/longitude02/orientation03_light01,4
628.92,1211.56,114.00,99.52,149.22,altitude01/longitude02/orientation03_light01,4
425.00,1110.42,114.55,97.08,126.31,altitude01/longitude02/orientation03_light01,4
546.08,1577.89,116.33,92.76,174.37,altitude01/longitude02/orientation03_light01,4
1604.87,1847.61,95.28,80.37,146.24,altitude01/longitude02/orientation03_light01,4
410.35,506.10,109.14,102.92,186.41,altitude01/longitude02/orientation03_light01,4
1714.72,1909.54,88.52,68.97,137.21,altitude01/longitude02/orientation03_light01,4
224.61,385.12,100.67,90.21,147.71,altitude01/longitude02/orientation03_light01,4
1178.98,92.06,93.47,84.55,121.83,altitude01/longitude02/orientation03_light01,4
1999.34,215.39,85.54,76.24,104.74,altitude01/longitude02/orientation03_light01,4
2351.95,694.47,82.53,67.67,114.59,altitude01/longitude02/orientation03_light01,4
1443.20,816.50,87.90,66.68,136.79,altitude01/longitude02/orientation03_light01,4
1394.49,336.84,77.16,70.55,101.04,altitude01/longitude02/orientation03_light01,4
1177.59,1334.90,74.37,62.03,149.89,altitude01/longitude02/orientation03_light01,4
1232.53,1040.96,74.49,58.58,178.65,altitude01/longitude02/orientation03_light01,4
515.41,926.48,70.15,69.50,144.36,altitude01/longitude02/orientation03_light01,4
677.57,1697.04,71.23,56.47,156.27,altitude01/longitude02/orientation03_light01,4
1928.90,1678.08,61.90,49.52,130.32,altitude01/longitude02/orientation03_light01,4
1003.84,1380.59,62.38,59.97,140.01,altitude01/longitude02/orientation03_light01,4
786.98,434.87,68.07,59.43,118.95,altitude01/longitude02/orientation03_light01,4
1320.84,1420.76,64.06,51.19,135.34,altitude01/longitude02/orientation03_light01,4
1430.89,1417.97,57.13,42.39,146.29,altitude01/longitude02/orientation03_light01,4
1087.53,1407.04,51.50,45.09,166.20,altitude01/longitude02/orientation03_light01,4
85.54,85.30,49.46,45.75,201.01,altitude01/longitude02/orientation03_light01,4
278.34,1432.59,207.51,173.27,94.00,altitude01/longitude02/orientation03_light02,4
546.08,1577.89,116.33,92.76,174.37,altitude01/longitude02/orientation03_light02,4
410.35,506.10,109.14,102.92,186.41,altitude01/longitude02/orientation03_light02,4
224.61,385.12,100.67,90.21,147.71,altitude01/longitude02/orientation03_light02,4
85.54,85.30,49.46,45.75,201.01,altitude01/longitude02/orientation03_light02,4
1239.35,1712.13,279.95,227.34,158.28,altitude01/longitude02/orientation03_light03,4
2166.74,1478.76,214.50,167.56,132.15,altitude01/longitude02/orientation03_light03,4
1875.50,740.71,225.24,201.80,106.66,altitude01/longitude02/orientation03_light03,4
2269.92,1852.38,189.56,138.75,130.95,altitude01/longitude02/orientation03_light03,4
814.69,1473.68,206.16,199.55,175.35,altitude01/longitude02/orientation03_light03,4
278.34,1432.59,207.51,173.27,94.00,altitude01/longitude02/orientation03_light03,4
1479.18,1005.65,126.92,116.78,130.74,altitude01/longitude02/orientation03_light03,4
1460.24,1812.52,115.12,92.36,134.74,altitude01/longitude02/orientation03_light03,4
2319.63,1138.65,96.87,85.44,150.17,altitude01/longitude02/orientation03_light03,4
602.73,406.83,127.92,104.97,121.22,altitude01/longitude02/orientation03_light03,4
1825.06,1795.18,107.56,78.42,143.82,altitude01/longitude02/orientation03_light03,4
628.92,1211.56,114.00,99.52,149.22,altitude01/longitude02/orientation03_light03,4
425.00,1110.42,114.55,97.08,126.31,altitude01/longitude02/orientation03_light03,4
546.08,1577.89,116.33,92.76,174.37,altitude01/longitude02/orientation03_light03,4
1604.87,1847.61,95.28,80.37,146.24,altitude01/longitude02/orientation03_light03,4
410.35,506.10,109.14,102.92,186.41,altitude01/longitude02/orientation03_light03,4
1714.72,1909.54,88.52,68.97,137.21,altitude01/longitude02/orientation03_light03,4
224.61,385.12,100.67,90.21,147.71,altitude01/longitude02/orientation03_light03,4
1178.98,92.06,93.47,84.55,121.83,altitude01/longitude02/orientation03_light03,4
1999.34,215.39,85.54,76.24,104.74,altitude01/longitude02/orientation03_light03,4
2351.95,694.47,82.53,67.67,114.59,altitude01/longitude02/orientation03_light03,4
1443.20,816.50,87.90,66.68,136.79,altitude01/longitude02/orientation03_light03,4
1394.49,336.84,77.16,70.55,101.04,altitude01/longitude02/orientation03_light03,4
1177.59,1334.90,74.37,62.03,149.89,altitude01/longitude02/orientation03_light03,4
1232.53,1040.96,74.49,58.58,178.65,altitude01/longitude02/orientation03_light03,4
515.41,926.48,70.15,69.50,144.36,altitude01/longitude02/orientation03_light03,4
677.57,1697.04,71.23,56.47,156.27,altitude01/longitude02/orientation03_light03,4
1928.90,1678.08,61.90,49.52,130.32,altitude01/longitude02/orientation03_light03,4
1003.84,1380.59,62.38,59.97,140.01,altitude01/longitude02/orientation03_light03,4
786.98,434.87,68.07,59.43,118.95,altitude01/longitude02/orientation03_light03,4
1320.84,1420.76,64.06,51.19,135.34,altitude01/longitude02/orientation03_light03,4
1430.89,1417.97,57.13,42.39,146.29,altitude01/longitude02/orientation03_light03,4
1087.53,1407.04,51.50,45.09,166.20,altitude01/longitude02/orientation03_light03,4
85.54,85.30,49.46,45.75,201.01,altitude01/longitude02/orientation03_light03,4
814.69,1473.68,206.16,199.55,175.35,altitude01/longitude02/orientation03_light04,4
278.34,1432.59,207.51,173.27,94.00,altitude01/longitude02/orientation03_light04,4
602.73,406.83,127.92,104.97,121.22,altitude01/longitude02/orientation03_light04,4
628.92,1211.56,114.00,99.52,149.22,altitude01/longitude02/orientation03_light04,4
425.00,1110.42,114.55,97.08,126.31,altitude01/longitude02/orientation03_light04,4
546.08,1577.89,116.33,92.76,174.37,altitude01/longitude02/orientation03_light04,4
410.35,506.10,109.14,102.92,186.41,altitude01/longitude02/orientation03_light04,4
224.61,385.12,100.67,90.21,147.71,altitude01/longitude02/orientation03_light04,4
1178.98,92.06,93.47,84.55,121.83,altitude01/longitude02/orientation03_light04,4
1394.49,336.84,77.16,70.55,101.04,altitude01/longitude02/orientation03_light04,4
1232.53,1040.96,74.49,58.58,178.65,altitude01/longitude02/orientation03_light04,4
515.41,926.48,70.15,69.50,144.36,altitude01/longitude02/orientation03_light04,4
677.57,1697.04,71.23,56.47,156.27,altitude01/longitude02/orientation03_light04,4
786.98,434.87,68.07,59.43,118.95,altitude01/longitude02/orientation03_light04,4
85.54,85.30,49.46,45.75,201.01,altitude01/longitude02/orientation03_light04,4
1239.35,1712.13,279.95,227.34,158.28,altitude01/longitude02/orientation03_light05,4
1875.50,740.71,225.24,201.80,106.66,altitude01/longitude02/orientation03_light05,4
814.69,1473.68,206.16,199.55,175.35,altitude01/longitude02/orientation03_light05,4
278.34,1432.59,207.51,173.27,94.00,altitude01/longitude02/orientation03_light05,4
1479.18,1005.65,126.92,116.78,130.74,altitude01/longitude02/orientation03_light05,4
1460.24,1812.52,115.12,92.36,134.74,altitude01/longitude02/orientation03_light05,4
602.73,406.83,127.92,104.97,121.22,altitude01/longitude02/orientation03_light05,4
628.92,1211.56,114.00,99.52,149.22,altitude01/longitude02/orientation03_light05,4
425.00,1110.42,114.55,97.08,126.31,altitude01/longitude02/orientation03_light05,4
546.08,1577.89,116.33,92.76,174.37,altitude01/longitude02/orientation03_light05,4
1604.87,1847.61,95.28,80.37,146.24,altitude01/longitude02/orientation03_light05,4
410.35,506.10,109.14,102.92,186.41,altitude01/longitude02/orientation03_light05,4
1714.72,1909.54,88.52,68.97,137.21,altitude01/longitude02/orientation03_light05,4
224.61,385.12,100.67,90.21,147.71,altitude01/longitude02/orientation03_light05,4
1178.98,92.06,93.47,84.55,121.83,altitude01/longitude02/orientation03_light05,4
1999.34,215.39,85.54,76.24,104.74,altitude01/longitude02/orientation03_light05,4
1443.20,816.50,87.90,66.68,136.79,altitude01/longitude02/orientation03_light05,4
1394.49,336.84,77.16,70.55,101.04,altitude01/longitude02/orientation03_light05,4
1177.59,1334.90,74.37,62.03,149.89,altitude01/longitude02/orientation03_light05,4
1232.53,1040.96,74.49,58.58,178.65,altitude01/longitude02/orientation03_light05,4
515.41,926.48,70.15,69.50,144.36,altitude01/longitude02/orientation03_light05,4
677.57,1697.04,71.23,56.47,156.27,altitude01/longitude02/orientation03_light05,4
1003.84,1380.59,62.38,59.97,140.01,altitude01/longitude02/orientation03_light05,4
786.98,434.87,68.07,59.43,118.95,altitude01/longitude02/orientation03_light05,4
1320.84,1420.76,64.06,51.19,135.34,altitude01/longitude02/orientation03_light05,4
1430.89,1417.97,57.13,42.39,146.29,altitude01/longitude02/orientation03_light05,4
1087.53,1407.04,51.50,45.09,166.20,altitude01/longitude02/orientation03_light05,4
85.54,85.30,49.46,45.75,201.01,altitude01/longitude02/orientation03_light05,4
1659.73,1128.79,232.85,216.85,111.43,altitude01/longitude02/orientation04_light01,4
1778.31,715.32,198.18,186.99,207.25,altitude01/longitude02/orientation04_light01,4
2317.45,1774.47,158.26,128.34,161.64,altitude01/longitude02/orientation04_light01,4
2460.73,684.62,149.47,123.88,109.17,altitude01/longitude02/orientation04_light01,4
1974.54,370.93,138.49,132.30,222.76,altitude01/longitude02/orientation04_light01,4
2198.27,1524.89,124.85,114.49,143.68,altitude01/longitude02/orientation04_light01,4
2063.53,982.27,91.11,82.78,159.85,altitude01/longitude02/orientation04_light01,4
1876.28,1573.70,83.13,75.62,154.10,altitude01/longitude02/orientation04_light01,4
2493.84,419.43,89.18,81.72,141.80,altitude01/longitude02/orientation04_light01,4
2175.68,193.47,80.93,72.11,112.82,altitude01/longitude02/orientation04_light01,4
2434.33,1834.01,70.11,57.01,142.75,altitude01/longitude02/orientation04_light01,2
1962.51,89.10,76.90,70.38,106.94,altitude01/longitude02/orientation04_light01,4
1643.34,1770.17,64.21,59.22,191.70,altitude01/longitude02/orientation04_light01,4
1833.11,1414.76,66.91,55.67,208.67,altitude01/longitude02/orientation04_light01,4
274.29,1220.91,70.71,50.93,232.48,altitude01/longitude02/orientation04_light01,4
2221.51,327.00,60.55,59.03,180.67,altitude01/longitude02/orientation04_light01,4
2098.77,1807.92,54.74,48.86,169.38,altitude01/longitude02/orientation04_light01,4
2327.46,397.24,56.06,51.80,248.45,altitude01/longitude02/orientation04_light01,4
2479.13,1038.71,49.45,46.52,172.42,altitude01/longitude02/orientation04_light01,4
898.43,338.35,50.59,49.06,262.05,altitude01/longitude02/orientation04_light01,2
2358.56,523.41,66.07,50.19,184.55,altitude01/longitude02/orientation04_light01,4
1793.93,1704.68,47.48,41.73,103.57,altitude01/longitude02/orientation04_light01,4
2021.48,562.29,50.27,43.27,264.71,altitude01/longitude02/orientation04_light01,4
1659.73,1128.79,232.85,216.85,111.43,altitude01/longitude02/orientation04_light02,4
1778.31,715.32,198.18,186.99,207.25,altitude01/longitude02/orientation04_light02,4
2317.45,1774.47,158.26,128.34,161.64,altitude01/longitude02/orientation04_light02,4
2460.73,684.62,149.47,123.88,109.17,altitude01/longitude02/orientation04_light02,4
1974.54,370.93,138.49,132.30,222.76,altitude01/longitude02/orientation04_light02,4
2198.27,1524.89,124.85,114.49,143.68,altitude01/longitude02/orientation04_light02,4
2063.53,982.27,91.11,82.78,159.85,altitude01/longitude02/orientation04_light02,4
1876.28,1573.70,83.13,75.62,154.10,altitude01/longitude02/orientation04_light02,4
2493.84,419.43,89.18,81.72,141.80,altitude01/longitude02/orientation04_light02,4
2175.68,193.47,80.93,72.11,112.82,altitude01/longitude02/orientation04_light02,4
2434.33,1834.01,70.11,57.01,142.75,altitude01/longitude02/orientation04_light02,2
1962.51,89.10,76.90,70.38,106.94,altitude01/longitude02/orientation04_light02,4
1643.34,1770.17,64.21,59.22,191.70,altitude01/longitude02/orientation04_light02,4
1833.11,1414.76,66.91,55.67,208.67,altitude01/longitude02/orientation04_light02,4
274.29,1220.91,70.71,50.93,232.48,altitude01/longitude02/orientation04_light02,4
2221.51,327.00,60.55,59.03,180.67,altitude01/longitude02/orientation04_light02,4
2098.77,1807.92,54.74,48.86,169.38,altitude01/longitude02/orientation04_light02,4
2327.46,397.24,56.06,51.80,248.45,altitude01/longitude02/orientation04_light02,4
2479.13,1038.71,49.45,46.52,172.42,altitude01/longitude02/orientation04_light02,4
898.43,338.35,50.59,49.06,262.05,altitude01/longitude02/orientation04_light02,2
2358.56,523.41,66.07,50.19,184.55,altitude01/longitude02/orientation04_light02,4
1793.93,1704.68,47.48,41.73,103.57,altitude01/longitude02/orientation04_light02,4
2021.48,562.29,50.27,43.27,264.71,altitude01/longitude02/orientation04_light02,4
1659.73,1128.79,232.85,216.85,111.43,altitude01/longitude02/orientation04_light03,4
1778.31,715.32,198.18,186.99,207.25,altitude01/longitude02/orientation04_light03,4
2317.45,1774.47,158.26,128.34,161.64,altitude01/longitude02/orientation04_light03,4
2460.73,684.62,149.47,123.88,109.17,altitude01/longitude02/orientation04_light03,4
1974.54,370.93,138.49,132.30,222.76,altitude01/longitude02/orientation04_light03,4
2198.27,1524.89,124.85,114.49,143.68,altitude01/longitude02/orientation04_light03,4
2063.53,982.27,91.11,82.78,159.85,altitude01/longitude02/orientation04_light03,4
1876.28,1573.70,83.13,75.62,154.10,altitude01/longitude02/orientation04_light03,4
2493.84,419.43,89.18,81.72,141.80,altitude01/longitude02/orientation04_light03,4
2175.68,193.47,80.93,72.11,112.82,altitude01/longitude02/orientation04_light03,4
2434.33,1834.01,70.11,57.01,142.75,altitude01/longitude02/orientation04_light03,2
1962.51,89.10,76.90,70.38,106.94,altitude01/longitude02/orientation04_light03,4
1643.34,1770.17,64.21,59.22,191.70,altitude01/longitude02/orientation04_light03,4
1833.11,1414.76,66.91,55.67,208.67,altitude01/longitude02/orientation04_light03,4
274.29,1220.91,70.71,50.93,232.48,altitude01/longitude02/orientation04_light03,4
2221.51,327.00,60.55,59.03,180.67,altitude01/longitude02/orientation04_light03,4
2098.77,1807.92,54.74,48.86,169.38,altitude01/longitude02/orientation04_light03,4
2327.46,397.24,56.06,51.80,248.45,altitude01/longitude02/orientation04_light03,4
2479.13,1038.71,49.45,46.52,172.42,altitude01/longitude02/orientation04_light03,4
898.43,338.35,50.59,49.06,262.05,altitude01/longitude02/orientation04_light03,2
2358.56,523.41,66.07,50.19,184.55,altitude01/longitude02/orientation04_light03,4
1793.93,1704.68,47.48,41.73,103.57,altitude01/longitude02/orientation04_light03,4
2021.48,562.29,50.27,43.27,264.71,altitude01/longitude02/orientation04_light03,4
1659.73,1128.79,232.85,216.85,111.43,altitude01/longitude02/orientation04_light04,4
1778.31,715.32,198.18,186.99,207.25,altitude01/longitude02/orientation04_light04,4
2460.73,684.62,149.47,123.88,109.17,altitude01/longitude02/orientation04_light04,4
1974.54,370.93,138.49,132.30,222.76,altitude01/longitude02/orientation04_light04,4
2063.53,982.27,91.11,82.78,159.85,altitude01/longitude02/orientation04_light04,4
2493.84,419.43,89.18,81.72,141.80,altitude01/longitude02/orientation04_light04,4
2175.68,193.47,80.93,72.11,112.82,altitude01/longitude02/orientation04_light04,4
1962.51,89.10,76.90,70.38,106.94,altitude01/longitude02/orientation04_light04,4
2221.51,327.00,60.55,59.03,180.67,altitude01/longitude02/orientation04_light04,4
2327.46,397.24,56.06,51.80,248.45,altitude01/longitude02/orientation04_light04,4
2479.13,1038.71,49.45,46.52,172.42,altitude01/longitude02/orientation04_light04,4
898.43,338.35,50.59,49.06,262.05,altitude01/longitude02/orientation04_light04,2
2358.56,523.41,66.07,50.19,184.55,altitude01/longitude02/orientation04_light04,4
2021.48,562.29,50.27,43.27,264.71,altitude01/longitude02/orientation04_light04,4
1659.73,1128.79,232.85,216.85,111.43,altitude01/longitude02/orientation04_light05,4
1778.31,715.32,198.18,186.99,207.25,altitude01/longitude02/orientation04_light05,4
2317.45,1774.47,158.26,128.34,161.64,altitude01/longitude02/orientation04_light05,4
2460.73,684.62,149.47,123.88,109.17,altitude01/longitude02/orientation04_light05,4
1974.54,370.93,138.49,132.30,222.76,altitude01/longitude02/orientation04_light05,4
2198.27,1524.89,124.85,114.49,143.68,altitude01/longitude02/orientation04_light05,4
2063.53,982.27,91.11,82.78,159.85,altitude01/longitude02/orientation04_light05,4
1876.28,1573.70,83.13,75.62,154.10,altitude01/longitude02/orientation04_light05,4
2493.84,419.43,89.18,81.72,141.80,altitude01/longitude02/orientation04_light05,4
2175.68,193.47,80.93,72.11,112.82,altitude01/longitude02/orientation04_light05,4
2434.33,1834.01,70.11,57.01,142.75,altitude01/longitude02/orientation04_light05,2
1962.51,89.10,76.90,70.38,106.94,altitude01/longitude02/orientation04_light05,4
1643.34,1770.17,64.21,59.22,191.70,altitude01/longitude02/orientation04_light05,4
1833.11,1414.76,66.91,55.67,208.67,altitude01/longitude02/orientation04_light05,4
274.29,1220.91,70.71,50.93,232.48,altitude01/longitude02/orientation04_light05,4
2221.51,327.00,60.55,59.03,180.67,altitude01/longitude02/orientation04_light05,4
2098.77,1807.92,54.74,48.86,169.38,altitude01/longitude02/orientation04_light05,4
2327.46,397.24,56.06,51.80,248.45,altitude01/longitude02/orientation04_light05,4
2479.13,1038.71,49.45,46.52,172.42,altitude01/longitude02/orientation04_light05,4
898.43,338.35,50.59,49.06,262.05,altitude01/longitude02/orientation04_light05,2
2358.56,523.41,66.07,50.19,184.55,altitude01/longitude02/orientation04_light05,4
1793.93,1704.68,47.48,41.73,103.57,altitude01/longitude02/orientation04_light05,4
2021.48,562.29,50.27,43.27,264.71,altitude01/longitude02/orientation04_light05,4
2248.82,1204.05,210.03,191.79,112.62,altitude01/longitude02/orientation05_light01,4
585.43,668.69,199.34,160.92,131.52,altitude01/longitude02/orientation05_light01,4
601.56,141.98,140.53,131.50,244.98,altitude01/longitude02/orientation05_light01,4
269.38,1029.77,128.38,105.06,233.57,altitude01/longitude02/orientation05_light01,4
252.96,813.17,108.66,103.46,116.49,altitude01/longitude02/orientation05_light01,4
1385.49,1222.51,107.53,96.87,90.90,altitude01/longitude02/orientation05_light01,4
436.08,692.24,100.05,88.88,258.65,altitude01/longitude02/orientation05_light01,4
334.90,1687.54,93.49,85.63,238.01,altitude01/longitude02/orientation05_light01,4
2246.27,1853.54,85.35,71.12,122.00,altitude01/longitude02/orientation05_light01,4
836.73,945.66,87.69,77.64,266.45,altitude01/longitude02/orientation05_light01,4
2382.92,964.77,81.42,73.83,114.32,altitude01/longitude02/orientation05_light01,4
350.17,229.76,79.91,73.07,132.59,altitude01/longitude02/orientation05_light01,4
732.39,1742.21,76.92,72.30,166.18,altitude01/longitude02/orientation05_light01,3
510.59,408.15,75.75,71.22,123.51,altitude01/longitude02/orientation05_light01,4
171.38,1189.78,68.61,60.10,232.14,altitude01/longitude02/orientation05_light01,4
355.05,87.65,61.49,58.75,222.41,altitude01/longitude02/orientation05_light01,4
1004.75,876.65,61.26,53.97,249.02,altitude01/longitude02/orientation05_light01,2
801.50,1106.54,59.92,49.06,124.19,altitude01/longitude02/orientation05_light01,4
1186.72,1749.71,51.58,50.49,128.19,altitude01/longitude02/orientation05_light01,4
1585.83,585.61,50.25,48.63,108.84,altitude01/longitude02/orientation05_light01,2
759.00,686.00,48.30,44.70,128.51,altitude01/longitude02/orientation05_light01,4
2248.82,1204.05,210.03,191.79,112.62,altitude01/longitude02/orientation05_light02,4
585.43,668.69,199.34,160.92,131.52,altitude01/longitude02/orientation05_light02,4
601.56,141.98,140.53,131.50,244.98,altitude01/longitude02/orientation05_light02,4
269.38,1029.77,128.38,105.06,233.57,altitude01/longitude02/orientation05_light02,4
252.96,813.17,108.66,103.46,116.49,altitude01/longitude02/orientation05_light02,4
1385.49,1222.51,107.53,96.87,90.90,altitude01/longitude02/orientation05_light02,4
436.08,692.24,100.05,88.88,258.65,altitude01/longitude02/orientation05_light02,4
334.90,1687.54,93.49,85.63,238.01,altitude01/longitude02/orientation05_light02,4
2246.27,1853.54,85.35,71.12,122.00,altitude01/longitude02/orientation05_light02,4
836.73,945.66,87.69,77.64,266.45,altitude01/longitude02/orientation05_light02,4
2382.92,964.77,81.42,73.83,114.32,altitude01/longitude02/orientation05_light02,4
350.17,229.76,79.91,73.07,132.59,altitude01/longitude02/orientation05_light02,4
732.39,1742.21,76.92,72.30,166.18,altitude01/longitude02/orientation05_light02,3
510.59,408.15,75.75,71.22,123.51,altitude01/longitude02/orientation05_light02,4
171.38,1189.78,68.61,60.10,232.14,altitude01/longitude02/orientation05_light02,4
355.05,87.65,61.49,58.75,222.41,altitude01/longitude02/orientation05_light02,4
1004.75,876.65,61.26,53.97,249.02,altitude01/longitude02/orientation05_light02,2
801.50,1106.54,59.92,49.06,124.19,altitude01/longitude02/orientation05_light02,4
1186.72,1749.71,51.58,50.49,128.19,altitude01/longitude02/orientation05_light02,4
1585.83,585.61,50.25,48.63,108.84,altitude01/longitude02/orientation05_light02,2
759.00,686.00,48.30,44.70,128.51,altitude01/longitude02/orientation05_light02,4
2248.82,1204.05,210.03,191.79,112.62,altitude01/longitude02/orientation05_light03,4
585.43,668.69,199.34,160.92,131.52,altitude01/longitude02/orientation05_light03,4
601.56,141.98,140.53,131.50,244.98,altitude01/longitude02/orientation05_light03,4
269.38,1029.77,128.38,105.06,233.57,altitude01/longitude02/orientation05_light03,4
252.96,813.17,108.66,103.46,116.49,altitude01/longitude02/orientation05_light03,4
1385.49,1222.51,107.53,96.87,90.90,altitude01/longitude02/orientation05_light03,4
436.08,692.24,100.05,88.88,258.65,altitude01/longitude02/orientation05_light03,4
334.90,1687.54,93.49,85.63,238.01,altitude01/longitude02/orientation05_light03,4
2246.27,1853.54,85.35,71.12,122.00,altitude01/longitude02/orientation05_light03,4
836.73,945.66,87.69,77.64,266.45,altitude01/longitude02/orientation05_light03,4
2382.92,964.77,81.42,73.83,114.32,altitude01/longitude02/orientation05_light03,4
350.17,229.76,79.91,73.07,132.59,altitude01/longitude02/orientation05_light03,4
732.39,1742.21,76.92,72.30,166.18,altitude01/longitude02/orientation05_light03,3
510.59,408.15,75.75,71.22,123.51,altitude01/longitude02/orientation05_light03,4
171.38,1189.78,68.61,60.10,232.14,altitude01/longitude02/orientation05_light03,4
355.05,87.65,61.49,58.75,222.41,altitude01/longitude02/orientation05_light03,4
1004.75,876.65,61.26,53.97,249.02,altitude01/longitude02/orientation05_light03,2
801.50,1106.54,59.92,49.06,124.19,altitude01/longitude02/orientation05_light03,4
1186.72,1749.71,51.58,50.49,128.19,altitude01/longitude02/orientation05_light03,4
1585.83,585.61,50.25,48.63,108.84,altitude01/longitude02/orientation05_light03,2
759.00,686.00,48.30,44.70,128.51,altitude01/longitude02/orientation05_light03,4
2248.82,1204.05,210.03,191.79,112.62,altitude01/longitude02/orientation05_light04,4
585.43,668.69,199.34,160.92,131.52,altitude01/longitude02/orientation05_light04,4
601.56,141.98,140.53,131.50,244.98,altitude01/longitude02/orientation05_light04,4
269.38,1029.77,128.38,105.06,233.57,altitude01/longitude02/orientation05_light04,4
252.96,813.17,108.66,103.46,116.49,altitude01/longitude02/orientation05_light04,4
1385.49,1222.51,107.53,96.87,90.90,altitude01/longitude02/orientation05_light04,4
436.08,692.24,100.05,88.88,258.65,altitude01/longitude02/orientation05_light04,4
334.90,1687.54,93.49,85.63,238.01,altitude01/longitude02/orientation05_light04,4
2246.27,1853.54,85.35,71.12,122.00,altitude01/longitude02/orientation05_light04,4
836.73,945.66,87.69,77.64,266.45,altitude01/longitude02/orientation05_light04,4
2382.92,964.77,81.42,73.83,114.32,altitude01/longitude02/orientation05_light04,4
350.17,229.76,79.91,73.07,132.59,altitude01/longitude02/orientation05_light04,4
732.39,1742.21,76.92,72.30,166.18,altitude01/longitude02/orientation05_light04,3
510.59,408.15,75.75,71.22,123.51,altitude01/longitude02/orientation05_light04,4
171.38,1189.78,68.61,60.10,232.14,altitude01/longitude02/orientation05_light04,4
355.05,87.65,61.49,58.75,222.41,altitude01/longitude02/orientation05_light04,4
1004.75,876.65,61.26,53.97,249.02,altitude01/longitude02/orientation05_light04,2
801.50,1106.54,59.92,49.06,124.19,altitude01/longitude02/orientation05_light04,4
1186.72,1749.71,51.58,50.49,128.19,altitude01/longitude02/orientation05_light04,4
1585.83,585.61,50.25,48.63,108.84,altitude01/longitude02/orientation05_light04,2
759.00,686.00,48.30,44.70,128.51,altitude01/longitude02/orientation05_light04,4
2248.82,1204.05,210.03,191.79,112.62,altitude01/longitude02/orientation05_light05,4
585.43,668.69,199.34,160.92,131.52,altitude01/longitude02/orientation05_light05,4
601.56,141.98,140.53,131.50,244.98,altitude01/longitude02/orientation05_light05,4
269.38,1029.77,128.38,105.06,233.57,altitude01/longitude02/orientation05_light05,4
252.96,813.17,108.66,103.46,116.49,altitude01/longitude02/orientation05_light05,4
1385.49,1222.51,107.53,96.87,90.90,altitude01/longitude02/orientation05_light05,4
436.08,692.24,100.05,88.88,258.65,altitude01/longitude02/orientation05_light05,4
334.90,1687.54,93.49,85.63,238.01,altitude01/longitude02/orientation05_light05,4
2246.27,1853.54,85.35,71.12,122.00,altitude01/longitude02/orientation05_light05,4
836.73,945.66,87.69,77.64,266.45,altitude01/longitude02/orientation05_light05,4
2382.92,964.77,81.42,73.83,114.32,altitude01/longitude02/orientation05_light05,4
350.17,229.76,79.91,73.07,132.59,altitude01/longitude02/orientation05_light05,4
732.39,1742.21,76.92,72.30,166.18,altitude01/longitude02/orientation05_light05,3
510.59,408.15,75.75,71.22,123.51,altitude01/longitude02/orientation05_light05,4
171.38,1189.78,68.61,60.10,232.14,altitude01/longitude02/orientation05_light05,4
355.05,87.65,61.49,58.75,222.41,altitude01/longitude02/orientation05_light05,4
1004.75,876.65,61.26,53.97,249.02,altitude01/longitude02/orientation05_light05,2
801.50,1106.54,59.92,49.06,124.19,altitude01/longitude02/orientation05_light05,4
1186.72,1749.71,51.58,50.49,128.19,altitude01/longitude02/orientation05_light05,4
1585.83,585.61,50.25,48.63,108.84,altitude01/longitude02/orientation05_light05,2
759.00,686.00,48.30,44.70,128.51,altitude01/longitude02/orientation05_light05,4
2374.08,1701.25,211.25,194.06,142.22,altitude01/longitude02/orientation06_light01,4
1153.60,439.42,198.36,160.15,158.82,altitude01/longitude02/orientation06_light01,4
708.05,608.97,128.12,103.98,262.15,altitude01/longitude02/orientation06_light01,4
794.70,410.98,107.98,102.79,141.34,altitude01/longitude02/orientation06_light01,4
1598.30,1305.48,107.24,97.35,117.99,altitude01/longitude02/orientation06_light01,4
1011.44,390.11,99.98,88.13,105.91,altitude01/longitude02/orientation06_light01,4
459.11,1216.85,92.96,84.54,266.54,altitude01/longitude02/orientation06_light01,4
1244.70,801.47,87.38,77.49,113.52,altitude01/longitude02/orientation06_light01,4
135.00,1166.78,77.41,71.88,242.59,altitude01/longitude02/orientation06_light01,4
780.88,1452.77,76.54,71.94,195.09,altitude01/longitude02/orientation06_light01,3
1209.82,174.90,75.74,70.55,150.05,altitude01/longitude02/orientation06_light01,4
450.14,144.76,71.24,70.19,249.02,altitude01/longitude02/orientation06_light01,4
548.21,703.51,68.44,59.05,261.08,altitude01/longitude02/orientation06_light01,4
1424.70,819.84,61.01,53.94,98.00,altitude01/longitude02/orientation06_light01,2
1138.50,926.63,59.70,49.20,151.73,altitude01/longitude02/orientation06_light01,4
1175.50,1675.50,51.59,50.44,174.08,altitude01/longitude02/orientation06_light01,4
2076.23,837.33,50.66,49.02,142.47,altitude01/longitude02/orientation06_light01,2
1297.94,536.19,47.93,44.91,152.38,altitude01/longitude02/orientation06_light01,4
1153.60,439.42,198.36,160.15,158.82,altitude01/longitude02/orientation06_light02,4
794.70,410.98,107.98,102.79,141.34,altitude01/longitude02/orientation06_light02,4
1011.44,390.11,99.98,88.13,105.91,altitude01/longitude02/orientation06_light02,4
1209.82,174.90,75.74,70.55,150.05,altitude01/longitude02/orientation06_light02,4
450.14,144.76,71.24,70.19,249.02,altitude01/longitude02/orientation06_light02,4
1297.94,536.19,47.93,44.91,152.38,altitude01/longitude02/orientation06_light02,4
2374.08,1701.25,211.25,194.06,142.22,altitude01/longitude02/orientation06_light03,4
1153.60,439.42,198.36,160.15,158.82,altitude01/longitude02/orientation06_light03,4
708.05,608.97,128.12,103.98,262.15,altitude01/longitude02/orientation06_light03,4
794.70,410.98,107.98,102.79,141.34,altitude01/longitude02/orientation06_light03,4
1598.30,1305.48,107.24,97.35,117.99,altitude01/longitude02/orientation06_light03,4
1011.44,390.11,99.98,88.13,105.91,altitude01/longitude02/orientation06_light03,4
459.11,1216.85,92.96,84.54,266.54,altitude01/longitude02/orientation06_light03,4
1244.70,801.47,87.38,77.49,113.52,altitude01/longitude02/orientation06_light03,4
135.00,1166.78,77.41,71.88,242.59,altitude01/longitude02/orientation06_light03,4
780.88,1452.77,76.54,71.94,195.09,altitude01/longitude02/orientation06_light03,3
1209.82,174.90,75.74,70.55,150.05,altitude01/longitude02/orientation06_light03,4
450.14,144.76,71.24,70.19,249.02,altitude01/longitude02/orientation06_light03,4
548.21,703.51,68.44,59.05,261.08,altitude01/longitude02/orientation06_light03,4
1424.70,819.84,61.01,53.94,98.00,altitude01/longitude02/orientation06_light03,2
1138.50,926.63,59.70,49.20,151.73,altitude01/longitude02/orientation06_light03,4
1175.50,1675.50,51.59,50.44,174.08,altitude01/longitude02/orientation06_light03,4
2076.23,837.33,50.66,49.02,142.47,altitude01/longitude02/orientation06_light03,2
1297.94,536.19,47.93,44.91,152.38,altitude01/longitude02/orientation06_light03,4
2374.08,1701.25,211.25,194.06,142.22,altitude01/longitude02/orientation06_light04,4
1153.60,439.42,198.36,160.15,158.82,altitude01/longitude02/orientation06_light04,4
708.05,608.97,128.12,103.98,262.15,altitude01/longitude02/orientation06_light04,4
794.70,410.98,107.98,102.79,141.34,altitude01/longitude02/orientation06_light04,4
1598.30,1305.48,107.24,97.35,117.99,altitude01/longitude02/orientation06_light04,4
1011.44,390.11,99.98,88.13,105.91,altitude01/longitude02/orientation06_light04,4
459.11,1216.85,92.96,84.54,266.54,altitude01/longitude02/orientation06_light04,4
1244.70,801.47,87.38,77.49,113.52,altitude01/longitude02/orientation06_light04,4
135.00,1166.78,77.41,71.88,242.59,altitude01/longitude02/orientation06_light04,4
780.88,1452.77,76.54,71.94,195.09,altitude01/longitude02/orientation06_light04,3
1209.82,174.90,75.74,70.55,150.05,altitude01/longitude02/orientation06_light04,4
450.14,144.76,71.24,70.19,249.02,altitude01/longitude02/orientation06_light04,4
548.21,703.51,68.44,59.05,261.08,altitude01/longitude02/orientation06_light04,4
1424.70,819.84,61.01,53.94,98.00,altitude01/longitude02/orientation06_light04,2
1138.50,926.63,59.70,49.20,151.73,altitude01/longitude02/orientation06_light04,4
1175.50,1675.50,51.59,50.44,174.08,altitude01/longitude02/orientation06_light04,4
2076.23,837.33,50.66,49.02,142.47,altitude01/longitude02/orientation06_light04,2
1297.94,536.19,47.93,44.91,152.38,altitude01/longitude02/orientation06_light04,4
2374.08,1701.25,211.25,194.06,142.22,altitude01/longitude02/orientation06_light05,4
1153.60,439.42,198.36,160.15,158.82,altitude01/longitude02/orientation06_light05,4
708.05,608.97,128.12,103.98,262.15,altitude01/longitude02/orientation06_light05,4
794.70,410.98,107.98,102.79,141.34,altitude01/longitude02/orientation06_light05,4
1598.30,1305.48,107.24,97.35,117.99,altitude01/longitude02/orientation06_light05,4
1011.44,390.11,99.98,88.13,105.91,altitude01/longitude02/orientation06_light05,4
459.11,1216.85,92.96,84.54,266.54,altitude01/longitude02/orientation06_light05,4
1244.70,801.47,87.38,77.49,113.52,altitude01/longitude02/orientation06_light05,4
135.00,1166.78,77.41,71.88,242.59,altitude01/longitude02/orientation06_light05,4
780.88,1452.77,76.54,71.94,195.09,altitude01/longitude02/orientation06_light05,3
1209.82,174.90,75.74,70.55,150.05,altitude01/longitude02/orientation06_light05,4
450.14,144.76,71.24,70.19,249.02,altitude01/longitude02/orientation06_light05,4
548.21,703.51,68.44,59.05,261.08,altitude01/longitude02/orientation06_light05,4
1424.70,819.84,61.01,53.94,98.00,altitude01/longitude02/orientation06_light05,2
1138.50,926.63,59.70,49.20,151.73,altitude01/longitude02/orientation06_light05,4
1175.50,1675.50,51.59,50.44,174.08,altitude01/longitude02/orientation06_light05,4
2076.23,837.33,50.66,49.02,142.47,altitude01/longitude02/orientation06_light05,2
1297.94,536.19,47.93,44.91,152.38,altitude01/longitude02/orientation06_light05,4
2180.00,633.53,200.76,187.77,124.96,altitude01/longitude02/orientation07_light01,4
1352.95,524.35,198.27,160.06,206.46,altitude01/longitude02/orientation07_light01,4
1860.46,400.72,139.11,131.02,136.04,altitude01/longitude02/orientation07_light01,4
923.50,315.87,127.44,104.83,128.01,altitude01/longitude02/orientation07_light01,4
1126.49,243.29,107.95,102.64,195.07,altitude01/longitude02/orientation07_light01,4
1290.75,386.99,99.35,88.61,152.41,altitude01/longitude02/orientation07_light01,4
2482.51,375.37,92.24,84.74,258.90,altitude01/longitude02/orientation07_light01,4
1154.88,839.50,87.15,77.51,162.05,altitude01/longitude02/orientation07_light01,4
1709.40,182.69,79.51,72.22,209.65,altitude01/longitude02/orientation07_light01,4
1582.22,383.56,75.26,70.61,199.13,altitude01/longitude02/orientation07_light01,4
744.73,264.14,68.06,59.76,125.94,altitude01/longitude02/orientation07_light01,4
1846.25,150.35,60.83,58.42,109.47,altitude01/longitude02/orientation07_light01,4
1265.97,983.25,60.84,53.93,142.37,altitude01/longitude02/orientation07_light01,2
1701.02,1467.72,50.31,48.93,191.45,altitude01/longitude02/orientation07_light01,2
2055.31,373.85,50.24,43.70,179.33,altitude01/longitude02/orientation07_light01,4
1383.00,695.62,47.67,44.91,207.43,altitude01/longitude02/orientation07_light01,4
1973.59,261.70,47.10,40.19,223.06,altitude01/longitude02/orientation07_light01,4
2180.00,633.53,200.76,187.77,124.96,altitude01/longitude02/orientation07_light02,4
1352.95,524.35,198.27,160.06,206.46,altitude01/longitude02/orientation07_light02,4
1860.46,400.72,139.11,131.02,136.04,altitude01/longitude02/orientation07_light02,4
923.50,315.87,127.44,104.83,128.01,altitude01/longitude02/orientation07_light02,4
1126.49,243.29,107.95,102.64,195.07,altitude01/longitude02/orientation07_light02,4
1034.99,1444.46,107.26,97.73,162.82,altitude01/longitude02/orientation07_light02,4
1290.75,386.99,99.35,88.61,152.41,altitude01/longitude02/orientation07_light02,4
309.92,552.69,93.50,85.19,132.82,altitude01/longitude02/orientation07_light02,4
2482.51,375.37,92.24,84.74,258.90,altitude01/longitude02/orientation07_light02,4
1154.88,839.50,87.15,77.51,162.05,altitude01/longitude02/orientation07_light02,4
121.09,280.74,77.85,72.47,105.22,altitude01/longitude02/orientation07_light02,4
1709.40,182.69,79.51,72.22,209.65,altitude01/longitude02/orientation07_light02,4
361.93,950.94,76.98,72.50,240.65,altitude01/longitude02/orientation07_light02,3
1582.22,383.56,75.26,70.61,199.13,altitude01/longitude02/orientation07_light02,4
744.73,264.14,68.06,59.76,125.94,altitude01/longitude02/orientation07_light02,4
1846.25,150.35,60.83,58.42,109.47,altitude01/longitude02/orientation07_light02,4
1265.97,983.25,60.84,53.93,142.37,altitude01/longitude02/orientation07_light02,2
991.24,848.54,59.74,49.13,199.08,altitude01/longitude02/orientation07_light02,4
474.28,1392.79,51.78,50.67,227.20,altitude01/longitude02/orientation07_light02,4
1701.02,1467.72,50.31,48.93,191.45,altitude01/longitude02/orientation07_light02,2
2055.31,373.85,50.24,43.70,179.33,altitude01/longitude02/orientation07_light02,4
1383.00,695.62,47.67,44.91,207.43,altitude01/longitude02/orientation07_light02,4
1973.59,261.70,47.10,40.19,223.06,altitude01/longitude02/orientation07_light02,4
2180.00,633.53,200.76,187.77,124.96,altitude01/longitude02/orientation07_light03,4
1352.95,524.35,198.27,160.06,206.46,altitude01/longitude02/orientation07_light03,4
1860.46,400.72,139.11,131.02,136.04,altitude01/longitude02/orientation07_light03,4
923.50,315.87,127.44,104.83,128.01,altitude01/longitude02/orientation07_light03,4
1126.49,243.29,107.95,102.64,195.07,altitude01/longitude02/orientation07_light03,4
1034.99,1444.46,107.26,97.73,162.82,altitude01/longitude02/orientation07_light03,4
1290.75,386.99,99.35,88.61,152.41,altitude01/longitude02/orientation07_light03,4
309.92,552.69,93.50,85.19,132.82,altitude01/longitude02/orientation07_light03,4
2482.51,375.37,92.24,84.74,258.90,altitude01/longitude02/orientation07_light03,4
1154.88,839.50,87.15,77.51,162.05,altitude01/longitude02/orientation07_light03,4
121.09,280.74,77.85,72.47,105.22,altitude01/longitude02/orientation07_light03,4
1709.40,182.69,79.51,72.22,209.65,altitude01/longitude02/orientation07_light03,4
361.93,950.94,76.98,72.50,240.65,altitude01/longitude02/orientation07_light03,3
1582.22,383.56,75.26,70.61,199.13,altitude01/longitude02/orientation07_light03,4
744.73,264.14,68.06,59.76,125.94,altitude01/longitude02/orientation07_light03,4
1846.25,150.35,60.83,58.42,109.47,altitude01/longitude02/orientation07_light03,4
1265.97,983.25,60.84,53.93,142.37,altitude01/longitude02/orientation07_light03,2
991.24,848.54,59.74,49.13,199.08,altitude01/longitude02/orientation07_light03,4
474.28,1392.79,51.78,50.67,227.20,altitude01/longitude02/orientation07_light03,4
1701.02,1467.72,50.31,48.93,191.45,altitude01/longitude02/orientation07_light03,2
2055.31,373.85,50.24,43.70,179.33,altitude01/longitude02/orientation07_light03,4
1383.00,695.62,47.67,44.91,207.43,altitude01/longitude02/orientation07_light03,4
1973.59,261.70,47.10,40.19,223.06,altitude01/longitude02/orientation07_light03,4
2180.00,633.53,200.76,187.77,124.96,altitude01/longitude02/orientation07_light04,4
1352.95,524.35,198.27,160.06,206.46,altitude01/longitude02/orientation07_light04,4
1860.46,400.72,139.11,131.02,136.04,altitude01/longitude02/orientation07_light04,4
923.50,315.87,127.44,104.83,128.01,altitude01/longitude02/orientation07_light04,4
1126.49,243.29,107.95,102.64,195.07,altitude01/longitude02/orientation07_light04,4
1034.99,1444.46,107.26,97.73,162.82,altitude01/longitude02/orientation07_light04,4
1290.75,386.99,99.35,88.61,152.41,altitude01/longitude02/orientation07_light04,4
309.92,552.69,93.50,85.19,132.82,altitude01/longitude02/orientation07_light04,4
2482.51,375.37,92.24,84.74,258.90,altitude01/longitude02/orientation07_light04,4
1154.88,839.50,87.15,77.51,162.05,altitude01/longitude02/orientation07_light04,4
121.09,280.74,77.85,72.47,105.22,altitude01/longitude02/orientation07_light04,4
1709.40,182.69,79.51,72.22,209.65,altitude01/longitude02/orientation07_light04,4
361.93,950.94,76.98,72.50,240.65,altitude01/longitude02/orientation07_light04,3
1582.22,383.56,75.26,70.61,199.13,altitude01/longitude02/orientation07_light04,4
744.73,264.14,68.06,59.76,125.94,altitude01/longitude02/orientation07_light04,4
1846.25,150.35,60.83,58.42,109.47,altitude01/longitude02/orientation07_light04,4
1265.97,983.25,60.84,53.93,142.37,altitude01/longitude02/orientation07_light04,2
991.24,848.54,59.74,49.13,199.08,altitude01/longitude02/orientation07_light04,4
474.28,1392.79,51.78,50.67,227.20,altitude01/longitude02/orientation07_light04,4
1701.02,1467.72,50.31,48.93,191.45,altitude01/longitude02/orientation07_light04,2
2055.31,373.85,50.24,43.70,179.33,altitude01/longitude02/orientation07_light04,4
1383.00,695.62,47.67,44.91,207.43,altitude01/longitude02/orientation07_light04,4
1973.59,261.70,47.10,40.19,223.06,altitude01/longitude02/orientation07_light04,4
2180.00,633.53,200.76,187.77,124.96,altitude01/longitude02/orientation07_light05,4
1352.95,524.35,198.27,160.06,206.46,altitude01/longitude02/orientation07_light05,4
1860.46,400.72,139.11,131.02,136.04,altitude01/longitude02/orientation07_light05,4
923.50,315.87,127.44,104.83,128.01,altitude01/longitude02/orientation07_light05,4
1126.49,243.29,107.95,102.64,195.07,altitude01/longitude02/orientation07_light05,4
1034.99,1444.46,107.26,97.73,162.82,altitude01/longitude02/orientation07_light05,4
1290.75,386.99,99.35,88.61,152.41,altitude01/longitude02/orientation07_light05,4
309.92,552.69,93.50,85.19,132.82,altitude01/longitude02/orientation07_light05,4
2482.51,375.37,92.24,84.74,258.90,altitude01/longitude02/orientation07_light05,4
1154.88,839.50,87.15,77.51,162.05,altitude01/longitude02/orientation07_light05,4
121.09,280.74,77.85,72.47,105.22,altitude01/longitude02/orientation07_light05,4
1709.40,182.69,79.51,72.22,209.65,altitude01/longitude02/orientation07_light05,4
361.93,950.94,76.98,72.50,240.65,altitude01/longitude02/orientation07_light05,3
1582.22,383.56,75.26,70.61,199.13,altitude01/longitude02/orientation07_light05,4
744.73,264.14,68.06,59.76,125.94,altitude01/longitude02/orientation07_light05,4
1846.25,150.35,60.83,58.42,109.47,altitude01/longitude02/orientation07_light05,4
1265.97,983.25,60.84,53.93,142.37,altitude01/longitude02/orientation07_light05,2
991.24,848.54,59.74,49.13,199.08,altitude01/longitude02/orientation07_light05,4
474.28,1392.79,51.78,50.67,227.20,altitude01/longitude02/orientation07_light05,4
1701.02,1467.72,50.31,48.93,191.45,altitude01/longitude02/orientation07_light05,2
2055.31,373.85,50.24,43.70,179.33,altitude01/longitude02/orientation07_light05,4
1383.00,695.62,47.67,44.91,207.43,altitude01/longitude02/orientation07_light05,4
1973.59,261.70,47.10,40.19,223.06,altitude01/longitude02/orientation07_light05,4
1729.65,218.37,199.43,161.71,215.37,altitude01/longitude02/orientation08_light01,4
2255.08,169.74,141.45,132.35,144.69,altitude01/longitude02/orientation08_light01,4
1277.03,1083.47,106.95,97.27,173.13,altitude01/longitude02/orientation08_light01,4
692.14,93.44,93.11,85.20,137.67,altitude01/longitude02/orientation08_light01,4
1485.12,502.96,87.46,78.05,169.02,altitude01/longitude02/orientation08_light01,4
686.00,495.83,77.28,71.73,250.69,altitude01/longitude02/orientation08_light01,3
1979.19,111.64,75.86,71.34,209.03,altitude01/longitude02/orientation08_light01,4
1573.55,662.23,61.04,54.02,150.19,altitude01/longitude02/orientation08_light01,2
1321.55,487.65,59.77,49.46,208.83,altitude01/longitude02/orientation08_light01,4
732.99,948.92,51.49,50.09,229.83,altitude01/longitude02/orientation08_light01,4
1931.77,1207.49,50.46,48.94,193.31,altitude01/longitude02/orientation08_light01,2
2454.00,172.00,51.17,44.07,185.31,altitude01/longitude02/orientation08_light01,4
1733.21,393.85,48.15,44.98,212.57,altitude01/longitude02/orientation08_light01,4
2389.82,47.22,47.60,41.09,232.57,altitude01/longitude02/orientation08_light01,4
1729.65,218.37,199.43,161.71,215.37,altitude01/longitude02/orientation08_light02,4
2255.08,169.74,141.45,132.35,144.69,altitude01/longitude02/orientation08_light02,4
1277.03,1083.47,106.95,97.27,173.13,altitude01/longitude02/orientation08_light02,4
692.14,93.44,93.11,85.20,137.67,altitude01/longitude02/orientation08_light02,4
1485.12,502.96,87.46,78.05,169.02,altitude01/longitude02/orientation08_light02,4
686.00,495.83,77.28,71.73,250.69,altitude01/longitude02/orientation08_light02,3
1979.19,111.64,75.86,71.34,209.03,altitude01/longitude02/orientation08_light02,4
1573.55,662.23,61.04,54.02,150.19,altitude01/longitude02/orientation08_light02,2
1321.55,487.65,59.77,49.46,208.83,altitude01/longitude02/orientation08_light02,4
732.99,948.92,51.49,50.09,229.83,altitude01/longitude02/orientation08_light02,4
1931.77,1207.49,50.46,48.94,193.31,altitude01/longitude02/orientation08_light02,2
2454.00,172.00,51.17,44.07,185.31,altitude01/longitude02/orientation08_light02,4
1733.21,393.85,48.15,44.98,212.57,altitude01/longitude02/orientation08_light02,4
2389.82,47.22,47.60,41.09,232.57,altitude01/longitude02/orientation08_light02,4
1729.65,218.37,199.43,161.71,215.37,altitude01/longitude02/orientation08_light03,4
2255.08,169.74,141.45,132.35,144.69,altitude01/longitude02/orientation08_light03,4
1277.03,1083.47,106.95,97.27,173.13,altitude01/longitude02/orientation08_light03,4
692.14,93.44,93.11,85.20,137.67,altitude01/longitude02/orientation08_light03,4
1485.12,502.96,87.46,78.05,169.02,altitude01/longitude02/orientation08_light03,4
686.00,495.83,77.28,71.73,250.69,altitude01/longitude02/orientation08_light03,3
1979.19,111.64,75.86,71.34,209.03,altitude01/longitude02/orientation08_light03,4
1573.55,662.23,61.04,54.02,150.19,altitude01/longitude02/orientation08_light03,2
1321.55,487.65,59.77,49.46,208.83,altitude01/longitude02/orientation08_light03,4
732.99,948.92,51.49,50.09,229.83,altitude01/longitude02/orientation08_light03,4
1931.77,1207.49,50.46,48.94,193.31,altitude01/longitude02/orientation08_light03,2
2454.00,172.00,51.17,44.07,185.31,altitude01/longitude02/orientation08_light03,4
1733.21,393.85,48.15,44.98,212.57,altitude01/longitude02/orientation08_light03,4
2389.82,47.22,47.60,41.09,232.57,altitude01/longitude02/orientation08_light03,4
1729.65,218.37,199.43,161.71,215.37,altitude01/longitude02/orientation08_light04,4
2255.08,169.74,141.45,132.35,144.69,altitude01/longitude02/orientation08_light04,4
1277.03,1083.47,106.95,97.27,173.13,altitude01/longitude02/orientation08_light04,4
692.14,93.44,93.11,85.20,137.67,altitude01/longitude02/orientation08_light04,4
1485.12,502.96,87.46,78.05,169.02,altitude01/longitude02/orientation08_light04,4
686.00,495.83,77.28,71.73,250.69,altitude01/longitude02/orientation08_light04,3
1979.19,111.64,75.86,71.34,209.03,altitude01/longitude02/orientation08_light04,4
1573.55,662.23,61.04,54.02,150.19,altitude01/longitude02/orientation08_light04,2
1321.55,487.65,59.77,49.46,208.83,altitude01/longitude02/orientation08_light04,4
732.99,948.92,51.49,50.09,229.83,altitude01/longitude02/orientation08_light04,4
1931.77,1207.49,50.46,48.94,193.31,altitude01/longitude02/orientation08_light04,2
2454.00,172.00,51.17,44.07,185.31,altitude01/longitude02/orientation08_light04,4
1733.21,393.85,48.15,44.98,212.57,altitude01/longitude02/orientation08_light04,4
2389.82,47.22,47.60,41.09,232.57,altitude01/longitude02/orientation08_light04,4
1729.65,218.37,199.43,161.71,215.37,altitude01/longitude02/orientation08_light05,4
2255.08,169.74,141.45,132.35,144.69,altitude01/longitude02/orientation08_light05,4
1277.03,1083.47,106.95,97.27,173.13,altitude01/longitude02/orientation08_light05,4
692.14,93.44,93.11,85.20,137.67,altitude01/longitude02/orientation08_light05,4
1485.12,502.96,87.46,78.05,169.02,altitude01/longitude02/orientation08_light05,4
686.00,495.83,77.28,71.73,250.69,altitude01/longitude02/orientation08_light05,3
1979.19,111.64,75.86,71.34,209.03,altitude01/longitude02/orientation08_light05,4
1573.55,662.23,61.04,54.02,150.19,altitude01/longitude02/orientation08_light05,2
1321.55,487.65,59.77,49.46,208.83,altitude01/longitude02/orientation08_light05,4
732.99,948.92,51.49,50.09,229.83,altitude01/longitude02/orientation08_light05,4
1931.77,1207.49,50.46,48.94,193.31,altitude01/longitude02/orientation08_light05,2
2454.00,172.00,51.17,44.07,185.31,altitude01/longitude02/orientation08_light05,4
1733.21,393.85,48.15,44.98,212.57,altitude01/longitude02/orientation08_light05,4
2389.82,47.22,47.60,41.09,232.57,altitude01/longitude02/orientation08_light05,4
1971.69,393.65,200.44,187.60,96.80,altitude01/longitude02/orientation09_light01,4
1204.56,721.10,197.81,159.63,175.32,altitude01/longitude02/orientation09_light01,4
1578.71,356.66,138.83,130.77,108.11,altitude01/longitude02/orientation09_light01,4
730.38,760.75,127.66,103.94,98.57,altitude01/longitude02/orientation09_light01,4
868.06,595.20,107.58,102.18,161.63,altitude01/longitude02/orientation09_light01,4
1395.69,1676.06,107.66,97.82,133.39,altitude01/longitude02/orientation09_light01,4
1081.61,634.68,99.41,88.04,122.95,altitude01/longitude02/orientation09_light01,4
321.89,1276.08,93.44,84.63,103.79,altitude01/longitude02/orientation09_light01,4
1193.00,1093.21,87.33,77.59,129.68,altitude01/longitude02/orientation09_light01,4
1338.68,246.97,79.22,72.06,176.74,altitude01/longitude02/orientation09_light01,4
566.60,1592.95,76.75,72.50,214.95,altitude01/longitude02/orientation09_light01,3
1330.50,483.50,75.20,70.14,169.54,altitude01/longitude02/orientation09_light01,4
610.82,246.07,70.31,70.05,91.18,altitude01/longitude02/orientation09_light01,4
550.53,806.99,68.17,59.38,97.46,altitude01/longitude02/orientation09_light01,4
1439.84,149.48,60.31,58.16,262.16,altitude01/longitude02/orientation09_light01,4
1361.28,1160.22,61.09,53.99,112.74,altitude01/longitude02/orientation09_light01,2
1056.71,1183.97,59.92,49.19,168.49,altitude01/longitude02/orientation09_light01,4
885.98,1917.64,51.61,50.87,189.66,altitude01/longitude02/orientation09_light01,4
1982.50,1356.50,50.23,49.20,150.48,altitude01/longitude02/orientation09_light01,2
1732.86,234.45,50.32,43.45,145.81,altitude01/longitude02/orientation09_light01,4
1316.69,853.20,47.92,44.57,171.23,altitude01/longitude02/orientation09_light01,4
1605.62,179.87,47.05,40.07,191.57,altitude01/longitude02/orientation09_light01,4
1971.69,393.65,200.44,187.60,96.80,altitude01/longitude02/orientation09_light02,4
1204.56,721.10,197.81,159.63,175.32,altitude01/longitude02/orientation09_light02,4
1578.71,356.66,138.83,130.77,108.11,altitude01/longitude02/orientation09_light02,4
730.38,760.75,127.66,103.94,98.57,altitude01/longitude02/orientation09_light02,4
868.06,595.20,107.58,102.18,161.63,altitude01/longitude02/orientation09_light02,4
1395.69,1676.06,107.66,97.82,133.39,altitude01/longitude02/orientation09_light02,4
1081.61,634.68,99.41,88.04,122.95,altitude01/longitude02/orientation09_light02,4
321.89,1276.08,93.44,84.63,103.79,altitude01/longitude02/orientation09_light02,4
1193.00,1093.21,87.33,77.59,129.68,altitude01/longitude02/orientation09_light02,4
1338.68,246.97,79.22,72.06,176.74,altitude01/longitude02/orientation09_light02,4
566.60,1592.95,76.75,72.50,214.95,altitude01/longitude02/orientation09_light02,3
1330.50,483.50,75.20,70.14,169.54,altitude01/longitude02/orientation09_light02,4
610.82,246.07,70.31,70.05,91.18,altitude01/longitude02/orientation09_light02,4
550.53,806.99,68.17,59.38,97.46,altitude01/longitude02/orientation09_light02,4
1439.84,149.48,60.31,58.16,262.16,altitude01/longitude02/orientation09_light02,4
1361.28,1160.22,61.09,53.99,112.74,altitude01/longitude02/orientation09_light02,2
1056.71,1183.97,59.92,49.19,168.49,altitude01/longitude02/orientation09_light02,4
885.98,1917.64,51.61,50.87,189.66,altitude01/longitude02/orientation09_light02,4
1982.50,1356.50,50.23,49.20,150.48,altitude01/longitude02/orientation09_light02,2
1732.86,234.45,50.32,43.45,145.81,altitude01/longitude02/orientation09_light02,4
1316.69,853.20,47.92,44.57,171.23,altitude01/longitude02/orientation09_light02,4
1605.62,179.87,47.05,40.07,191.57,altitude01/longitude02/orientation09_light02,4
1971.69,393.65,200.44,187.60,96.80,altitude01/longitude02/orientation09_light03,4
1204.56,721.10,197.81,159.63,175.32,altitude01/longitude02/orientation09_light03,4
1578.71,356.66,138.83,130.77,108.11,altitude01/longitude02/orientation09_light03,4
730.38,760.75,127.66,103.94,98.57,altitude01/longitude02/orientation09_light03,4
868.06,595.20,107.58,102.18,161.63,altitude01/longitude02/orientation09_light03,4
1395.69,1676.06,107.66,97.82,133.39,altitude01/longitude02/orientation09_light03,4
1081.61,634.68,99.41,88.04,122.95,altitude01/longitude02/orientation09_light03,4
321.89,1276.08,93.44,84.63,103.79,altitude01/longitude02/orientation09_light03,4
1193.00,1093.21,87.33,77.59,129.68,altitude01/longitude02/orientation09_light03,4
1338.68,246.97,79.22,72.06,176.74,altitude01/longitude02/orientation09_light03,4
566.60,1592.95,76.75,72.50,214.95,altitude01/longitude02/orientation09_light03,3
1330.50,483.50,75.20,70.14,169.54,altitude01/longitude02/orientation09_light03,4
610.82,246.07,70.31,70.05,91.18,altitude01/longitude02/orientation09_light03,4
550.53,806.99,68.17,59.38,97.46,altitude01/longitude02/orientation09_light03,4
1439.84,149.48,60.31,58.16,262.16,altitude01/longitude02/orientation09_light03,4
1361.28,1160.22,61.09,53.99,112.74,altitude01/longitude02/orientation09_light03,2
1056.71,1183.97,59.92,49.19,168.49,altitude01/longitude02/orientation09_light03,4
885.98,1917.64,51.61,50.87,189.66,altitude01/longitude02/orientation09_light03,4
1982.50,1356.50,50.23,49.20,150.48,altitude01/longitude02/orientation09_light03,2
1732.86,234.45,50.32,43.45,145.81,altitude01/longitude02/orientation09_light03,4
1316.69,853.20,47.92,44.57,171.23,altitude01/longitude02/orientation09_light03,4
1605.62,179.87,47.05,40.07,191.57,altitude01/longitude02/orientation09_light03,4
1971.69,393.65,200.44,187.60,96.80,altitude01/longitude02/orientation09_light04,4
1204.56,721.10,197.81,159.63,175.32,altitude01/longitude02/orientation09_light04,4
1578.71,356.66,138.83,130.77,108.11,altitude01/longitude02/orientation09_light04,4
730.38,760.75,127.66,103.94,98.57,altitude01/longitude02/orientation09_light04,4
868.06,595.20,107.58,102.18,161.63,altitude01/longitude02/orientation09_light04,4
1395.69,1676.06,107.66,97.82,133.39,altitude01/longitude02/orientation09_light04,4
1081.61,634.68,99.41,88.04,122.95,altitude01/longitude02/orientation09_light04,4
321.89,1276.08,93.44,84.63,103.79,altitude01/longitude02/orientation09_light04,4
1193.00,1093.21,87.33,77.59,129.68,altitude01/longitude02/orientation09_light04,4
1338.68,246.97,79.22,72.06,176.74,altitude01/longitude02/orientation09_light04,4
566.60,1592.95,76.75,72.50,214.95,altitude01/longitude02/orientation09_light04,3
1330.50,483.50,75.20,70.14,169.54,altitude01/longitude02/orientation09_light04,4
610.82,246.07,70.31,70.05,91.18,altitude01/longitude02/orientation09_light04,4
550.53,806.99,68.17,59.38,97.46,altitude01/longitude02/orientation09_light04,4
1439.84,149.48,60.31,58.16,262.16,altitude01/longitude02/orientation09_light04,4
1361.28,1160.22,61.09,53.99,112.74,altitude01/longitude02/orientation09_light04,2
1056.71,1183.97,59.92,49.19,168.49,altitude01/longitude02/orientation09_light04,4
885.98,1917.64,51.61,50.87,189.66,altitude01/longitude02/orientation09_light04,4
1982.50,1356.50,50.23,49.20,150.48,altitude01/longitude02/orientation09_light04,2
1732.86,234.45,50.32,43.45,145.81,altitude01/longitude02/orientation09_light04,4
1316.69,853.20,47.92,44.57,171.23,altitude01/longitude02/orientation09_light04,4
1605.62,179.87,47.05,40.07,191.57,altitude01/longitude02/orientation09_light04,4
1971.69,393.65,200.44,187.60,96.80,altitude01/longitude02/orientation09_light05,4
1204.56,721.10,197.81,159.63,175.32,altitude01/longitude02/orientation09_light05,4
1578.71,356.66,138.83,130.77,108.11,altitude01/longitude02/orientation09_light05,4
730.38,760.75,127.66,103.94,98.57,altitude01/longitude02/orientation09_light05,4
868.06,595.20,107.58,102.18,161.63,altitude01/longitude02/orientation09_light05,4
1395.69,1676.06,107.66,97.82,133.39,altitude01/longitude02/orientation09_light05,4
1081.61,634.68,99.41,88.04,122.95,altitude01/longitude02/orientation09_light05,4
321.89,1276.08,93.44,84.63,103.79,altitude01/longitude02/orientation09_light05,4
1193.00,1093.21,87.33,77.59,129.68,altitude01/longitude02/orientation09_light05,4
1338.68,246.97,79.22,72.06,176.74,altitude01/longitude02/orientation09_light05,4
566.60,1592.95,76.75,72.50,214.95,altitude01/longitude02/orientation09_light05,3
1330.50,483.50,75.20,70.14,169.54,altitude01/longitude02/orientation09_light05,4
610.82,246.07,70.31,70.05,91.18,altitude01/longitude02/orientation09_light05,4
550.53,806.99,68.17,59.38,97.46,altitude01/longitude02/orientation09_light05,4
1439.84,149.48,60.31,58.16,262.16,altitude01/longitude02/orientation09_light05,4
1361.28,1160.22,61.09,53.99,112.74,altitude01/longitude02/orientation09_light05,2
1056.71,1183.97,59.92,49.19,168.49,altitude01/longitude02/orientation09_light05,4
885.98,1917.64,51.61,50.87,189.66,altitude01/longitude02/orientation09_light05,4
1982.50,1356.50,50.23,49.20,150.48,altitude01/longitude02/orientation09_light05,2
1732.86,234.45,50.32,43.45,145.81,altitude01/longitude02/orientation09_light05,4
1316.69,853.20,47.92,44.57,171.23,altitude01/longitude02/orientation09_light05,4
1605.62,179.87,47.05,40.07,191.57,altitude01/longitude02/orientation09_light05,4
2247.24,1626.43,210.62,192.86,147.53,altitude01/longitude02/orientation10_light01,4
1151.77,257.11,198.71,161.35,164.17,altitude01/longitude02/orientation10_light01,4
691.08,384.57,128.53,104.38,267.29,altitude01/longitude02/orientation10_light01,4
795.75,194.91,108.13,103.60,147.48,altitude01/longitude02/orientation10_light01,4
1514.38,1162.08,107.19,97.26,123.06,altitude01/longitude02/orientation10_light01,4
1014.10,194.46,100.31,88.56,109.86,altitude01/longitude02/orientation10_light01,4
387.74,968.13,93.15,84.42,90.14,altitude01/longitude02/orientation10_light01,4
1208.70,627.47,87.49,77.71,118.69,altitude01/longitude02/orientation10_light01,4
2492.51,1501.65,81.86,74.23,150.56,altitude01/longitude02/orientation10_light01,4
687.02,1232.73,76.58,72.05,200.65,altitude01/longitude02/orientation10_light01,3
523.05,464.05,68.43,59.29,265.44,altitude01/longitude02/orientation10_light01,4
1386.90,662.42,61.14,53.92,104.47,altitude01/longitude02/orientation10_light01,2
1091.51,742.25,59.79,49.26,158.56,altitude01/longitude02/orientation10_light01,4
1059.74,1490.52,51.20,50.56,180.81,altitude01/longitude02/orientation10_light01,4
2033.50,740.87,50.56,48.76,141.74,altitude01/longitude02/orientation10_light01,2
1286.68,367.40,48.02,44.96,159.07,altitude01/longitude02/orientation10_light01,4
2247.24,1626.43,210.62,192.86,147.53,altitude01/longitude02/orientation10_light02,4
1151.77,257.11,198.71,161.35,164.17,altitude01/longitude02/orientation10_light02,4
691.08,384.57,128.53,104.38,267.29,altitude01/longitude02/orientation10_light02,4
795.75,194.91,108.13,103.60,147.48,altitude01/longitude02/orientation10_light02,4
1514.38,1162.08,107.19,97.26,123.06,altitude01/longitude02/orientation10_light02,4
1014.10,194.46,100.31,88.56,109.86,altitude01/longitude02/orientation10_light02,4
387.74,968.13,93.15,84.42,90.14,altitude01/longitude02/orientation10_light02,4
1208.70,627.47,87.49,77.71,118.69,altitude01/longitude02/orientation10_light02,4
2492.51,1501.65,81.86,74.23,150.56,altitude01/longitude02/orientation10_light02,4
687.02,1232.73,76.58,72.05,200.65,altitude01/longitude02/orientation10_light02,3
523.05,464.05,68.43,59.29,265.44,altitude01/longitude02/orientation10_light02,4
1386.90,662.42,61.14,53.92,104.47,altitude01/longitude02/orientation10_light02,2
1091.51,742.25,59.79,49.26,158.56,altitude01/longitude02/orientation10_light02,4
1059.74,1490.52,51.20,50.56,180.81,altitude01/longitude02/orientation10_light02,4
2033.50,740.87,50.56,48.76,141.74,altitude01/longitude02/orientation10_light02,2
1286.68,367.40,48.02,44.96,159.07,altitude01/longitude02/orientation10_light02,4
2247.24,1626.43,210.62,192.86,147.53,altitude01/longitude02/orientation10_light03,4
1151.77,257.11,198.71,161.35,164.17,altitude01/longitude02/orientation10_light03,4
691.08,384.57,128.53,104.38,267.29,altitude01/longitude02/orientation10_light03,4
795.75,194.91,108.13,103.60,147.48,altitude01/longitude02/orientation10_light03,4
1514.38,1162.08,107.19,97.26,123.06,altitude01/longitude02/orientation10_light03,4
1014.10,194.46,100.31,88.56,109.86,altitude01/longitude02/orientation10_light03,4
387.74,968.13,93.15,84.42,90.14,altitude01/longitude02/orientation10_light03,4
1208.70,627.47,87.49,77.71,118.69,altitude01/longitude02/orientation10_light03,4
2492.51,1501.65,81.86,74.23,150.56,altitude01/longitude02/orientation10_light03,4
687.02,1232.73,76.58,72.05,200.65,altitude01/longitude02/orientation10_light03,3
523.05,464.05,68.43,59.29,265.44,altitude01/longitude02/orientation10_light03,4
1386.90,662.42,61.14,53.92,104.47,altitude01/longitude02/orientation10_light03,2
1091.51,742.25,59.79,49.26,158.56,altitude01/longitude02/orientation10_light03,4
1059.74,1490.52,51.20,50.56,180.81,altitude01/longitude02/orientation10_light03,4
2033.50,740.87,50.56,48.76,141.74,altitude01/longitude02/orientation10_light03,2
1286.68,367.40,48.02,44.96,159.07,altitude01/longitude02/orientation10_light03,4
2247.24,1626.43,210.62,192.86,147.53,altitude01/longitude02/orientation10_light04,4
1151.77,257.11,198.71,161.35,164.17,altitude01/longitude02/orientation10_light04,4
691.08,384.57,128.53,104.38,267.29,altitude01/longitude02/orientation10_light04,4
795.75,194.91,108.13,103.60,147.48,altitude01/longitude02/orientation10_light04,4
1514.38,1162.08,107.19,97.26,123.06,altitude01/longitude02/orientation10_light04,4
1014.10,194.46,100.31,88.56,109.86,altitude01/longitude02/orientation10_light04,4
1208.70,627.47,87.49,77.71,118.69,altitude01/longitude02/orientation10_light04,4
2492.51,1501.65,81.86,74.23,150.56,altitude01/longitude02/orientation10_light04,4
523.05,464.05,68.43,59.29,265.44,altitude01/longitude02/orientation10_light04,4
1386.90,662.42,61.14,53.92,104.47,altitude01/longitude02/orientation10_light04,2
1091.51,742.25,59.79,49.26,158.56,altitude01/longitude02/orientation10_light04,4
2033.50,740.87,50.56,48.76,141.74,altitude01/longitude02/orientation10_light04,2
1286.68,367.40,48.02,44.96,159.07,altitude01/longitude02/orientation10_light04,4
2247.24,1626.43,210.62,192.86,147.53,altitude01/longitude02/orientation10_light05,4
1151.77,257.11,198.71,161.35,164.17,altitude01/longitude02/orientation10_light05,4
691.08,384.57,128.53,104.38,267.29,altitude01/longitude02/orientation10_light05,4
795.75,194.91,108.13,103.60,147.48,altitude01/longitude02/orientation10_light05,4
1514.38,1162.08,107.19,97.26,123.06,altitude01/longitude02/orientation10_light05,4
1014.10,194.46,100.31,88.56,109.86,altitude01/longitude02/orientation10_light05,4
387.74,968.13,93.15,84.42,90.14,altitude01/longitude02/orientation10_light05,4
1208.70,627.47,87.49,77.71,118.69,altitude01/longitude02/orientation10_light05,4
2492.51,1501.65,81.86,74.23,150.56,altitude01/longitude02/orientation10_light05,4
687.02,1232.73,76.58,72.05,200.65,altitude01/longitude02/orientation10_light05,3
523.05,464.05,68.43,59.29,265.44,altitude01/longitude02/orientation10_light05,4
1386.90,662.42,61.14,53.92,104.47,altitude01/longitude02/orientation10_light05,2
1091.51,742.25,59.79,49.26,158.56,altitude01/longitude02/orientation10_light05,4
1059.74,1490.52,51.20,50.56,180.81,altitude01/longitude02/orientation10_light05,4
2033.50,740.87,50.56,48.76,141.74,altitude01/longitude02/orientation10_light05,2
1286.68,367.40,48.02,44.96,159.07,altitude01/longitude02/orientation10_light05,4
